,features,importance
1,EDU,0.08715406981574002
0,AGE,0.04925279771464597
198,rs959095_AA,0.028198782478997594
181,rs1258767_CT,0.023062495608240068
251,rs2159100_GG,0.022710464769549254
154,rs12205042_CC,0.014179775546784954
663,rs11682782_GG,0.013873009970879145
659,rs12490250_TT,0.012963410861470692
521,rs6436329_GG,0.01234656713095056
180,rs1258767_CC,0.012102670564384748
56,rs3004297_AA,0.01087789726475611
465,rs283107_GG,0.010481045253319702
249,rs2159100_GA,0.010153900979584804
506,rs10408058_CC,0.009454135969753613
83,rs10879839_CC,0.007654834086400201
585,rs6838005_GG,0.007476266073590397
413,rs518385_AA,0.007141315459700784
643,rs2835945_CC,0.007118423395989994
565,rs735239_CT,0.007055821804347318
399,rs12605132_GG,0.007013920520107114
53,rs17728979_TT,0.006981323513250298
458,rs1538424_GG,0.006743816737459587
5,rs6585082_GG,0.0066980566775088944
130,rs11042978_TT,0.00649965972259793
626,rs12203032_GA,0.006418092764078478
356,rs216535_GG,0.006147373081751517
645,rs4239192_CC,0.00586611734747317
550,rs1563040_GA,0.005745294987617678
32,rs1789250_GG,0.005543235893598144
461,rs7242523_AA,0.005525448697555354
266,rs6575354_GA,0.005516287439777177
605,rs6828780_GG,0.005347563269507058
334,rs237969_GG,0.005318788575890432
627,rs12203032_GG,0.00529137331112999
445,rs4798561_AA,0.005286926335741943
538,rs11710532_TT,0.0052175174493692125
509,rs4773945_AA,0.005159025718585028
394,rs6439445_CC,0.005117067924730558
295,rs11259186_AA,0.005076837154910086
602,rs2963342_GG,0.005063949270004485
380,rs618236_GG,0.004969729740811405
545,rs2102575_CC,0.004943813912808835
477,rs17199235_AA,0.004727834289705001
165,rs2149220_TT,0.004715287279190578
2,rs1385464_AA,0.004690712118025917
284,rs877653_GG,0.004645576596947442
190,rs6116375_CT,0.004644523918936541
192,rs10151748_CT,0.004607817960571696
20,rs6118262_CC,0.0045544190081639275
352,rs7328733_GG,0.00448161701125715
564,rs735239_CC,0.0044439550287792735
125,rs7623860_GG,0.004392248430078715
412,rs2835946_AA,0.00428692118086399
471,rs1105953_AA,0.004246149055632196
307,rs9821051_AA,0.004194025756081182
631,rs573399_GG,0.004157727400294951
337,rs4949150_GG,0.0041214429696791255
375,rs10099003_TT,0.004109013658621202
70,rs4741745_CC,0.0040310427330757055
102,rs11199892_GG,0.004029726262399757
14,rs4487686_GG,0.003969124273943021
390,rs10916370_GG,0.0038666684655572618
579,rs543136_CT,0.0035551595179433913
357,rs4866383_AA,0.0035132458807192227
197,rs4736319_AG,0.003416885137789351
145,rs10924745_CC,0.003325852861117211
418,rs6979515_GG,0.0032636852443678655
420,rs6895637_TT,0.003229834678826571
120,rs6501384_AA,0.0032207597507159817
426,rs1470023_CC,0.003174711830252682
303,rs1564004_GG,0.003143383426379759
118,rs10521007_GG,0.0031331869852037025
34,rs9324645_AA,0.003103380009318749
254,rs2022259_TT,0.003054224062049664
247,rs2404710_GG,0.0030519439904933177
363,rs7701633_TT,0.0030413227279066112
40,rs250763_GG,0.002930746671367773
589,rs3827281_GG,0.0028971586369561098
572,rs10111812_TT,0.002819107036637581
267,rs6575354_GG,0.0027575045789006063
648,rs300168_TT,0.002727110705641105
275,rs12612477_CC,0.0027171593846785276
573,rs2041731_GG,0.0027153443931363097
603,rs6828780_GA,0.00268873883158545
587,rs12310569_CC,0.002666668349967593
237,rs9456814_CC,0.0026383694118511823
485,rs13040567_AG,0.0025935335618878013
341,rs12522957_AA,0.0025677695989546312
519,rs7234787_CT,0.0025666756713868936
592,rs2075650_GG,0.0025408538512508706
518,rs7234787_CC,0.00250115998096864
344,rs2962669_TT,0.0024829820759693978
49,rs689040_AA,0.002465294840037332
229,rs2807749_AA,0.0024555457860017584
58,rs7148974_TT,0.0024408938507117007
16,rs10402864_CA,0.0023976331413955265
22,rs6118262_TT,0.0023406934431145295
274,rs4778636_TT,0.002332491573001491
117,rs10521007_GA,0.002324202547469588
535,rs847001_GG,0.002262871838711259
405,rs615986_AA,0.002252213816843147
425,rs3782123_GG,0.002239125597435007
111,rs4811184_AA,0.00220848370965807
634,rs1865235_GG,0.002124281195179695
243,rs10833513_CC,0.0021236555124248013
548,rs7762096_GG,0.002118178216317391
462,rs7242523_AG,0.002101131174553725
47,rs9345612_AG,0.0020965472238812927
370,rs6427160_TT,0.002094192103118103
258,rs8010501_TT,0.002087829190503007
232,rs439401_AA,0.0020715873881048527
653,rs1536950_AG,0.002035833366157539
202,rs6140479_TT,0.0020102925342512347
316,rs10922743_GG,0.0020031961026183128
349,rs310904_TC,0.0019942710573586015
63,rs10500907_TT,0.0019867656425572124
438,rs12682841_GG,0.0019756927259603975
580,rs1866852_CC,0.0019467763361186838
290,rs4369252_AA,0.0019394764512186506
470,rs1105953_CC,0.001932865940306692
508,rs4773945_CC,0.0019203641689995439
628,rs4576130_AA,0.0019181942081972895
499,rs10205484_GG,0.001918153584710417
191,rs10151748_CC,0.0019134708946533486
622,rs9872790_CC,0.0019087430526537029
666,rs882194_GG,0.0019054976462216026
35,rs9324645_GG,0.0018945973904896155
401,rs34896_TT,0.0018933094199990235
522,rs6436329_GT,0.0018880022365018977
655,rs342317_CT,0.0018872937309712954
103,rs11199892_GT,0.0018720036505180343
297,rs288496_AA,0.0018640453113664
524,rs2717888_TT,0.001861991107841611
658,rs1891740_AC,0.0018498362485795505
71,rs4741745_CT,0.0018316589166435006
170,rs10062990_TT,0.0018215358819804273
204,rs1991315_GG,0.0018100806257694145
263,rs10889286_AA,0.001789879919685977
217,rs16883364_TT,0.0017675613754634723
207,rs920499_CC,0.0017570359431110113
674,rs6436333_GG,0.00175521898090781
490,rs2358495_GG,0.0017539615156493425
201,rs6140479_CC,0.001740065728334913
276,rs12612477_CT,0.0017342014936007925
4,rs6585082_AA,0.0017047200341879186
496,rs6446179_AA,0.0016977618935722322
41,rs2280544_AA,0.001684864895553457
527,rs1467719_GG,0.0016691833469478828
670,rs11660594_CC,0.0016454360078429408
610,rs3818003_TT,0.0016441218546528167
220,rs2548032_TG,0.0016388413294774835
219,rs2548032_TT,0.0016253702847691283
11,rs17763769_GG,0.0016013335044143906
304,rs3774161_CC,0.0016003515420931066
39,rs250763_GA,0.0015852126090256206
189,rs6116375_CC,0.0015802382323595449
222,rs2906109_GG,0.0015641024596497188
534,rs10494040_GG,0.0015337150552105097
59,rs306107_CC,0.0014612149870081178
599,rs13292810_TT,0.0014554375565936416
323,rs17263039_TT,0.001400523624296154
66,rs1037154_CT,0.001394309692561754
446,rs4798561_AC,0.0013781878248623964
23,rs17064003_AA,0.0013748960634616578
637,rs7537318_CC,0.001353469455674884
112,rs4811184_GG,0.0013323564796728206
382,rs2136613_TC,0.0013095496164743953
95,rs34900_CC,0.0013092478582505233
588,rs3827281_AA,0.00129751572830369
146,rs10924745_CT,0.0012934669351855035
296,rs11259186_AG,0.0012783883435570455
404,rs9674507_GG,0.0012578718935714645
128,rs6569792_GG,0.001254767450294302
150,rs9810583_AA,0.0012493739409523824
324,rs17263039_GG,0.0012416176841201288
400,rs12605132_GT,0.0012391859402466428
366,rs10924772_CT,0.0012340178178633435
433,rs3801357_TC,0.0012274386349195685
551,rs1563040_GG,0.001225517620846037
216,rs3815501_TT,0.0012173925166485233
483,rs13040567_AA,0.0012144625370073886
194,rs4351677_GG,0.001198137958418759
586,rs9311513_AA,0.0011952785697635826
540,rs784417_AA,0.001177963602812219
652,rs1536950_AA,0.0011744701940623993
331,rs1510795_TT,0.001169182626680475
449,rs4271937_AA,0.0011676916042338353
195,rs4736319_AA,0.001163811547180204
46,rs9345612_AA,0.0011611346831885416
673,rs6436333_GA,0.001154524553458692
364,rs7701633_TC,0.0011323786931975769
313,rs13176279_TT,0.0011286673909180853
27,rs12295401_TT,0.0011210675772803248
84,rs10879839_CT,0.0011210503390770186
515,rs974821_AA,0.001115448066610057
654,rs342317_CC,0.0011135676030334877
208,rs920499_CT,0.001105215803118739
473,rs16911006_GG,0.0010932089015189895
590,rs1395713_TT,0.0010928338232364012
502,rs4480148_GG,0.0010888527597760064
155,rs12205042_TT,0.0010885625166347712
486,rs7035046_CC,0.001081451622370462
618,rs4689705_AA,0.0010789494196289978
402,rs9674507_GA,0.0010708103583973111
371,rs7100193_AA,0.0010688779379167991
268,rs11871409_AA,0.0010668544835703208
187,rs3759106_TT,0.001066742762059197
541,rs784417_GG,0.0010647424893110173
642,rs13025842_AG,0.0010643728544983992
328,rs641712_CC,0.001060992367709697
265,rs10889286_AG,0.0010516094902762244
475,rs10967186_TC,0.001044916940992573
447,rs300169_AA,0.0010339675113683392
261,rs12691813_GG,0.0010331567255864702
510,rs469120_CC,0.0010074266484348716
110,rs1908988_CA,0.0010057182919656663
497,rs6446179_GG,0.0009939097208715535
395,rs6439445_TT,0.0009903140235703323
77,rs1007141_AA,0.00097787351621543
280,rs4709165_CC,0.0009749577761148896
575,rs7332115_CC,0.000974083816257866
62,rs10500907_CC,0.0009646873117623642
234,rs439401_AG,0.0009564517490621258
393,rs573327_GG,0.0009534788336738688
172,rs13188464_TT,0.0009533958231384299
578,rs543136_CC,0.0009434813649012201
292,rs6070893_CC,0.0009357311156876427
60,rs10929604_CC,0.0009274637912372325
238,rs9456814_TT,0.000926745776396218
138,rs756258_GG,0.0009240754442231032
226,rs1498853_TT,0.0009233336063674328
411,rs300172_TT,0.0009188894483006063
464,rs283107_AA,0.0009105616111573802
532,rs10494040_GA,0.0009029396008314314
273,rs4778636_CT,0.0008971301096962804
115,rs1144593_TT,0.0008942157390832753
223,rs2906109_AG,0.0008857871520623918
442,rs7628494_TT,0.000883286957790555
269,rs10751256_AA,0.0008819681917631803
646,rs4239192_CT,0.0008752585461681883
500,rs12259609_GG,0.0008733635413084451
432,rs3801357_TT,0.0008682408281853369
415,rs518385_AG,0.0008660171650289878
278,rs978095_CC,0.000860101463559705
105,rs157580_CT,0.0008546968193703261
406,rs615986_AG,0.0008519201844386098
346,rs3785602_GG,0.0008468648924869853
444,rs4798561_CC,0.0008376692977005564
439,rs548794_AA,0.0008339579021939129
93,rs1028850_TT,0.0008331033195886747
257,rs8010501_CC,0.0008297752306478989
396,rs6439445_TC,0.0008264125026549793
338,rs10752030_AA,0.0008226863587141068
227,rs1498853_GG,0.0008211082015058938
259,rs8010501_TC,0.000806729663254339
583,rs558191_GG,0.000800249726384332
472,rs16911006_AA,0.0007984819104737873
547,rs7762096_GA,0.0007920401616659475
476,rs17199235_GA,0.0007860163901701774
15,rs10402864_CC,0.0007762485594844122
544,rs2883782_TT,0.0007714316728590564
361,rs1624922_GG,0.000763128025871244
530,rs4676595_TT,0.0007625493338893907
536,rs847001_GT,0.0007620839072024493
169,rs12804305_AG,0.0007578087341873131
68,rs12710671_AG,0.0007438064171550486
182,rs785144_CC,0.000727177941385474
388,rs10916370_GA,0.0007241147434610425
662,rs11682782_GA,0.0007238150315726882
365,rs10924772_CC,0.0007158017119711495
139,rs10941091_CC,0.0007123459793780165
543,rs2692681_GG,0.0007107376325776402
620,rs726553_GA,0.0007086190583022865
347,rs3785602_GT,0.0007083971697180476
607,rs7456122_TT,0.0007056300650638137
403,rs9674507_AA,0.0007030627035108275
44,rs2545638_AA,0.0006960633067769824
431,rs1510418_AG,0.0006943155634266915
374,rs10508623_GG,0.0006792834864755453
143,rs2306245_TT,0.0006704544457035764
291,rs4369252_GG,0.0006632864244121543
512,rs4866384_TT,0.0006622539313338939
591,rs2075650_GA,0.0006613181246173223
350,rs7328733_GA,0.0006571687970359493
104,rs157580_CC,0.000652131831483519
409,rs3891649_AA,0.0006465373539661032
451,rs12775933_AA,0.00064148730842507
131,rs11042978_TG,0.0006382915681601083
114,rs9845164_CC,0.0006293329365054061
327,rs4578968_TT,0.000627593141640922
367,rs12514368_CC,0.0006203512530748811
667,rs168825_CC,0.000615106457278683
241,rs10055310_GG,0.0006143890114271409
288,rs1267305_TT,0.000612029154879112
21,rs6118262_CT,0.000608054924337147
630,rs573399_AA,0.0006062784616632873
38,rs6138001_TG,0.00060329043294988
492,rs10804733_AA,0.0006016657612053165
638,rs7537318_TT,0.0005998852249530098
474,rs10967186_TT,0.0005981088219994085
452,rs12775933_GG,0.0005963102682186543
436,rs12682841_GA,0.000596145707074103
421,rs6895637_TC,0.0005921782626019348
531,rs4676595_TC,0.000588791934719708
671,rs11660594_TT,0.0005860712393369213
161,rs7023773_AA,0.0005852647081988503
383,rs747175_CC,0.000579908228562914
479,rs9876832_TT,0.0005761392390220042
563,rs300174_TT,0.0005734572222638208
252,rs2022259_CC,0.0005721057233190189
494,rs10804733_AG,0.0005719319892703991
183,rs785144_AA,0.0005674547394851798
529,rs4676595_CC,0.0005666152761411817
525,rs2717888_TC,0.0005628123138031394
200,rs959095_AG,0.0005610093863121636
443,rs3737741_TG,0.0005610014706562647
98,rs10114675_TT,0.0005557730769085728
97,rs10114675_CC,0.0005552319339856003
661,rs12490250_TG,0.0005536200977370317
542,rs2692681_GA,0.0005440468630755007
615,rs12488144_GG,0.0005373663917092738
466,rs2565612_CC,0.0005336735438014179
152,rs13415546_AA,0.0005265308836445034
221,rs2906109_AA,0.000522821797799608
12,rs4487686_GA,0.0005220706316390732
625,rs10133989_AA,0.0005211166608571606
408,rs2247337_CT,0.0005202367643960987
67,rs12710671_AA,0.0005177261515912727
326,rs4578968_CC,0.000516162345087795
140,rs10941091_AA,0.0005149421161193261
651,rs2067606_TT,0.0005123197938889779
319,rs12189648_AG,0.0005074829798036612
52,rs17728979_CC,0.0005056649420594873
617,rs4689705_CC,0.0005023684179983243
457,rs1538424_AA,0.0005000410828297322
664,rs882194_GA,0.000499532682770269
286,rs1267305_CC,0.0004979491689368397
174,rs2279804_TT,0.0004934077783766728
329,rs641712_TT,0.0004908330953289333
423,rs699096_GG,0.0004904265891890027
523,rs2717888_CC,0.0004886793692554914
185,rs4953672_AA,0.0004881690603985135
173,rs13188464_TC,0.00048543139555202037
199,rs959095_GG,0.0004802824873457276
516,rs974821_GG,0.0004802754381037236
305,rs3774161_CT,0.00048003478545297957
467,rs2565612_TT,0.0004702664199462476
85,rs10879839_TT,0.0004685490923000347
373,rs10508623_AA,0.0004682481864416758
99,rs1580254_CT,0.0004623898134223943
460,rs2302558_CT,0.00046083936310813183
90,rs11857713_GG,0.0004589521486626193
312,rs6926560_TC,0.0004489227371181755
42,rs2280544_AG,0.00044770150682500444
354,rs695427_GG,0.0004473549768360442
81,rs2020945_CC,0.00043907850670814146
672,rs11660594_CT,0.00043588376434450005
142,rs2306245_CC,0.00043416270457707527
377,rs10099003_TG,0.00043069152284485565
270,rs10751256_GG,0.0004301461909080276
211,rs12457258_TT,0.00042594289601543037
317,rs10922743_AG,0.00042448980260775723
581,rs1866852_AA,0.00042278222450396416
236,rs1005419_GG,0.0004182386012032086
340,rs10752030_AG,0.0004154835148869391
179,rs756847_GG,0.0004133213289796284
430,rs1510418_GG,0.00041154622445459564
126,rs7623860_AG,0.0004109653971870493
657,rs6549127_GG,0.00041071290913471226
205,rs4869682_AA,0.00040850728978397287
302,rs1564004_AA,0.00040514454725392254
507,rs10408058_TT,0.00040438629607977394
668,rs168825_TT,0.0004014558500971805
376,rs10099003_GG,0.00039567859566051847
225,rs350887_GG,0.0003948005307465271
55,rs3004297_GA,0.00039149080599359926
640,rs13025842_AA,0.00038902783061963304
168,rs12804305_AA,0.0003883761543941495
272,rs4778636_CC,0.00038786671212770555
7,rs12160473_AA,0.00038143540127017855
539,rs11710532_TC,0.0003787833728196463
613,rs17755381_GG,0.00037806502891095834
18,rs11021163_GG,0.00037525640267686584
214,rs3815501_CC,0.0003717476617704898
553,rs10764851_TC,0.0003717442508174571
378,rs618236_GA,0.0003670757262411947
25,rs12295401_CC,0.0003667280265084438
294,rs6070893_TC,0.00036003648656859693
379,rs618236_AA,0.0003505106344277688
454,rs11156803_CC,0.0003481242580633325
384,rs747175_CT,0.00034780451655262306
136,rs9523416_GG,0.00034724120725815425
594,rs7091875_TT,0.0003463638373629568
468,rs6736104_GA,0.0003454711992703391
358,rs4866383_GG,0.00034110911304387643
570,rs10111812_CC,0.0003376922715631203
282,rs4709165_TT,0.0003311579453960944
342,rs12522957_AC,0.000329566450038677
218,rs16883364_TG,0.00032942221641603657
410,rs3891649_AG,0.00032831255714004307
514,rs4866384_TG,0.00032603394419953316
437,rs12682841_AA,0.0003238044691389297
571,rs10111812_CT,0.0003218030707045775
73,rs11253696_GG,0.00032171577752196937
597,rs13292810_CC,0.00032103282031891995
481,rs205894_AA,0.000320363801996699
233,rs439401_GG,0.00031978413816644957
609,rs3818003_CC,0.0003194806623697376
79,rs17604757_CC,0.00031839792312294586
127,rs6569792_AA,0.000317288339373587
156,rs12205042_TC,0.00031581351064955494
569,rs1065381_AA,0.0003111674248962262
123,rs11016681_CT,0.0003057023371098587
76,rs9469_GT,0.00030554712768657207
416,rs6979515_GA,0.00030014207425957477
64,rs11099266_CC,0.0002996976465152476
434,rs4425827_CC,0.0002991314311615096
566,rs576006_TT,0.000297668086363091
526,rs1467719_AA,0.00029598486782690865
149,rs1507269_AG,0.0002954024105555512
487,rs7035046_CT,0.00029169830626985985
283,rs877653_AA,0.00028958025172311924
429,rs1510418_AA,0.0002877357132126068
158,rs785143_TT,0.00028767264812974957
574,rs2041731_AG,0.00028423526517915894
299,rs288496_AG,0.0002826494878531852
245,rs10833513_CT,0.0002812965290749736
345,rs2962669_TC,0.0002807016590201286
166,rs2149220_GG,0.00027876924533196655
119,rs6501384_GA,0.0002785140521390799
87,rs1890486_CT,0.00027846187733463656
213,rs12005290_GG,0.0002751115023169906
649,rs2067606_CC,0.00027252217918872015
134,rs2469875_GG,0.000270272333493604
520,rs6436329_TT,0.0002624294312157395
178,rs756847_GA,0.0002600465269283025
91,rs7299185_TT,0.00025888765940493584
135,rs9523416_GA,0.000258076999033608
398,rs4875946_CT,0.00025608579434415894
554,rs2284691_AA,0.0002548732660472522
206,rs4869682_AC,0.0002543705621218532
293,rs6070893_TT,0.00025330097131821296
212,rs12005290_GA,0.0002532901092005344
322,rs1847325_CC,0.00025177618575748643
106,rs7034160_TT,0.0002499331005973605
624,rs10133989_AT,0.00024868953682119206
488,rs7035046_TT,0.0002473304122740417
184,rs785144_AC,0.0002469587128758916
332,rs1510795_TC,0.00024407561392487896
224,rs350887_AA,0.0002429804368656452
231,rs2807749_AG,0.00024158858239676918
210,rs12457258_CT,0.00024061949987873107
533,rs10494040_AA,0.00023571566061864196
606,rs7456122_CC,0.00023326903094394338
260,rs12691813_AA,0.00023286008052223272
308,rs2119380_AA,0.00023281770550952595
629,rs573399_GA,0.00022870129719078792
48,rs7033668_GG,0.0002222110206313269
456,rs1538424_GA,0.00021545583549341724
552,rs10764851_CC,0.00021463398732813607
57,rs3004297_GG,0.00021448185251070532
271,rs10751256_AG,0.0002119851778782797
441,rs7628494_CC,0.00021070366042317073
330,rs1510795_CC,0.00020985472791082327
124,rs11016681_TT,0.00020759750170250838
13,rs4487686_AA,0.0002063042436716504
584,rs6838005_AA,0.00020598662716329768
440,rs548794_AG,0.00020524136389744874
80,rs17604757_CT,0.0002024714327560251
300,rs7165661_CC,0.0002014559118417118
157,rs785143_CC,0.00020003317661414005
582,rs1866852_AC,0.00019981351957390128
397,rs4875946_CC,0.00019932814199217136
601,rs2963342_AA,0.0001946712872601091
424,rs3782123_GA,0.00019316419745602872
614,rs12488144_AA,0.00019217426886596287
289,rs4369252_GA,0.00018755645999832856
43,rs2545638_CC,0.00018607996778300455
147,rs1507269_AA,0.00018525049938647852
24,rs17064003_GG,0.000182223490342929
72,rs11253696_TT,0.00018199610822694926
310,rs467504_CT,0.00018031347207654382
19,rs11021163_GT,0.0001775687202178528
407,rs2247337_CC,0.00017527671320130705
621,rs726553_GG,0.00016891850103946016
137,rs756258_GA,0.00016890196559963416
576,rs7332115_CT,0.0001674268113871993
555,rs2284691_GG,0.0001652293056067702
240,rs10055310_AA,0.00016422166870803506
196,rs4736319_GG,0.00016366727239742015
116,rs1144593_TC,0.00016364501840389822
577,rs4688142_TT,0.00016265962080760566
144,rs11015701_AA,0.0001618687090198792
121,rs6501384_GG,0.00016095671992199387
355,rs216535_GA,0.00015974881683049794
469,rs6736104_GG,0.00015855939534636075
186,rs4953672_GG,0.00015738899349684082
279,rs978095_CT,0.00015458959221627266
484,rs13040567_GG,0.0001535773936799971
608,rs7456122_CT,0.00015094067137823118
511,rs469120_TT,0.00014618000420067736
459,rs2302558_CC,0.0001452885923564964
96,rs34900_AA,0.00014422789690083743
164,rs10031325_AG,0.00014151533585427865
153,rs13415546_GG,0.00013995019108385532
385,rs17484306_AA,0.00013790023410177642
386,rs17484306_GG,0.00013758445191842063
546,rs2102575_AA,0.00013564473487604747
246,rs2404710_AA,0.00013533597577461176
141,rs10941091_CA,0.00013426753212743612
360,rs1624922_GA,0.00013194360625845152
369,rs12514368_TT,0.0001315984096873344
414,rs518385_GG,0.00013102759204453184
372,rs7100193_AG,0.0001306965008800738
560,rs6874770_CC,0.0001288070405002168
636,GENDER_Male,0.00012395449286759012
171,rs10062990_TC,0.00012163926769337851
419,rs6895637_CC,0.00012004651037306374
215,rs3815501_CT,0.0001198333559586125
348,rs310904_TT,0.00011840835747998674
54,rs17728979_TC,0.00011523085079072259
30,rs11728930_AA,0.00011386357744016014
129,rs6569792_AG,0.00011328001638905389
17,rs11021163_TT,0.00011310379847455338
78,rs1007141_AC,0.00011274857298101029
230,rs2807749_GG,0.00011036233426574973
647,rs4239192_TT,0.00010822963931130391
623,rs9872790_TT,0.00010757303533573409
26,rs12295401_CT,0.00010739208211268433
107,rs7034160_TC,0.00010661364504995235
489,rs2358495_AA,0.00010283331774009684
612,rs17755381_AA,0.00010230048729783001
109,rs1908988_AA,0.00010184023051519134
498,rs10205484_GA,0.00010140644750180216
159,rs785143_CT,9.917166881709714e-05
559,rs7018577_CA,9.83494761550899e-05
537,rs11710532_CC,9.753971954556288e-05
228,rs1498853_GT,9.697834799621388e-05
669,rs168825_TC,9.511871282978686e-05
656,rs6549127_GA,9.299856170709644e-05
339,rs10752030_GG,9.207344989325931e-05
86,rs1890486_CC,9.191959651040568e-05
61,rs10929604_CA,8.986706647463997e-05
37,rs6138001_GG,8.84570733806143e-05
122,rs11016681_CC,8.410405549178927e-05
133,rs2469875_AA,8.266562827061152e-05
351,rs7328733_AA,8.198629781522778e-05
50,rs689040_GG,8.037367084222808e-05
311,rs6926560_TT,7.358458745058699e-05
549,rs1785199_GG,7.318080669936262e-05
435,rs4425827_TT,7.000606083398696e-05
478,rs17199235_GG,6.893712192484833e-05
321,rs7948017_AG,6.834198819165188e-05
362,rs7701633_CC,6.610398571936697e-05
455,rs3916118_TT,6.483238368237743e-05
561,rs6874770_AA,6.335520055539817e-05
616,rs12488144_AG,6.293055550058372e-05
188,rs3759106_TC,6.115596906478192e-05
333,rs237969_AA,5.9053164208978465e-05
632,rs1865235_GA,5.7686903977494534e-05
450,rs4271937_AG,5.533612342285525e-05
3,rs2832791_TT,5.5169857951702446e-05
318,rs12189648_AA,5.506536126589755e-05
665,rs882194_AA,5.476484063197126e-05
306,rs3774161_TT,5.4583158445726824e-05
427,rs1470023_CT,5.398080419184804e-05
660,rs12490250_GG,5.2934707431082794e-05
619,rs4689705_AC,5.197985087881222e-05
235,rs1005419_GA,5.001411860428558e-05
593,rs7091875_CT,4.9923023926310385e-05
604,rs6828780_AA,4.98924916084607e-05
285,rs877653_AG,4.823044781788238e-05
568,rs1557461_GG,4.820290992325692e-05
65,rs11099266_TT,4.701512016984537e-05
633,rs1865235_AA,4.663075758145608e-05
381,rs2136613_TT,4.637069601398337e-05
250,rs2159100_AA,4.611523676474378e-05
113,rs4811184_AG,4.355338545528602e-05
567,rs1557461_AA,4.18686738294287e-05
148,rs1507269_GG,4.180407330352548e-05
504,rs362584_TT,4.157381513142904e-05
336,rs4949150_GA,4.15261939802696e-05
89,rs11857713_AA,4.1247823554946325e-05
264,rs10889286_GG,4.097099096267117e-05
162,rs10031325_AA,3.9964444852213055e-05
353,rs6482235_AG,3.9145606628861055e-05
193,rs4351677_TT,3.821467158142742e-05
108,rs1908988_CC,3.735161512206233e-05
88,rs1890486_TT,3.6244866737612556e-05
69,rs9828880_CC,3.457179462085366e-05
335,rs10892831_CC,3.237196513641057e-05
163,rs10031325_GG,3.231025966071905e-05
287,rs1267305_CT,3.220310642909753e-05
175,rs2279804_GG,3.2121119663589204e-05
491,rs2358495_AG,3.1474258046779166e-05
501,rs4480148_AA,3.137970549434856e-05
255,rs12522102_TT,3.114584327598871e-05
100,rs1580254_TT,3.111053389869092e-05
417,rs6979515_AA,2.9880048416222795e-05
132,rs2469875_GA,2.8765056599794004e-05
203,rs6140479_CT,2.858687089056991e-05
611,rs17755381_GA,2.846366440700842e-05
463,rs283107_GA,2.7234387777345587e-05
557,rs7018577_CC,2.6899019277206927e-05
301,rs7165661_TT,2.5869167447215096e-05
242,rs10055310_AG,2.5861324535200253e-05
36,rs6138001_TT,2.3612313237200708e-05
176,rs4978345_CC,2.3545190074541263e-05
343,rs2962669_CC,2.1647360267795724e-05
248,rs2404710_AG,2.094837366784196e-05
635,GENDER_Female,2.0841354683419434e-05
74,rs4901474_GG,2.019222714511925e-05
209,rs12457258_CC,1.9418359560345608e-05
244,rs10833513_TT,1.8575212259539478e-05
239,rs9456814_TC,1.706132978768975e-05
151,rs9810583_AC,1.6908798798942104e-05
600,rs2963342_GA,1.583133316366478e-05
517,rs974821_AG,1.5270649451841564e-05
28,rs1320914_GA,1.5078690848762796e-05
650,rs2067606_CT,1.4041828583373336e-05
45,rs10811927_CC,1.369522519507449e-05
596,rs12613665_GG,1.366486996678042e-05
256,rs12522102_TG,1.1022070745068854e-05
10,rs17763769_AA,1.0762908841093964e-05
448,rs300169_AC,1.052241395284895e-05
389,rs10916370_AA,9.27192470940937e-06
558,rs7018577_AA,9.17560177625994e-06
314,rs13176279_TC,9.020753451529036e-06
33,rs9324645_GA,8.143078859705188e-06
320,rs7948017_GG,6.841591119672031e-06
639,rs7537318_TC,6.49806657132653e-06
31,rs11728930_AG,5.4374020761475965e-06
177,rs4978345_CT,5.418081410256849e-06
315,rs10922743_AA,4.904914853140042e-06
82,rs2020945_TT,4.8390596411300064e-06
6,rs4892223_TT,4.786941342387437e-06
482,rs205894_AG,4.315981782346831e-06
422,rs699096_AA,3.678190991218378e-06
368,rs12514368_CT,3.1822984913583688e-06
75,rs9469_GG,2.9757845507341218e-06
309,rs2119380_AC,2.8872896769775816e-06
29,rs1320914_GG,2.4587067795091316e-06
391,rs573327_GA,2.4384507141013375e-06
298,rs288496_GG,2.3268501675787165e-06
253,rs2022259_CT,2.08625183816109e-06
94,rs1028850_TC,2.003794055455265e-06
92,rs7299185_CT,1.6412165662325194e-06
644,rs2835945_CT,1.5120917713942098e-06
160,rs7023773_GA,1.4357376283668677e-06
281,rs4709165_CT,1.3730683214158193e-06
51,rs689040_AG,1.2479877577650922e-06
359,rs4866383_AG,1.23507650399233e-06
505,rs362584_TC,1.1229263607652172e-06
167,rs2149220_GT,9.7484368504174e-07
556,rs2284691_AG,9.002297211115192e-07
528,rs1467719_AG,8.324555048642431e-07
101,rs11199892_TT,5.963604137223485e-07
277,rs12612477_TT,5.585718031924e-07
562,rs6874770_CA,5.525137226293462e-07
392,rs573327_AA,5.509167893098636e-07
495,rs6446179_GA,4.4544510266031976e-07
262,rs12691813_AG,4.045973515619129e-07
325,rs17263039_GT,2.6830880433253497e-07
8,rs12160473_AG,2.6643990888793085e-07
503,rs4480148_AG,2.6232361644551325e-07
9,rs17763769_GA,1.92178945071997e-07
598,rs13292810_CT,1.364103573766461e-07
428,rs1470023_TT,1.3306013984303742e-07
453,rs12775933_AG,1.300549833484886e-07
513,rs4866384_GG,1.1713424262601209e-07
641,rs13025842_GG,4.081696265307934e-08
595,rs12613665_GA,2.9627862353921376e-08
480,rs9876832_TG,3.6671664400730993e-09
493,rs10804733_GG,1.4035970564483444e-10
387,rs17484306_AG,8.32621795520601e-12
