,features_fold0,importance_fold0,features_fold1,importance_fold1,features_fold2,importance_fold2,features_fold3,importance_fold3,features_fold4,importance_fold4
0,AGE,0.017605359,AGE,0.019293971,AGE,0.013736664,AGE,0.01620581,AGE,0.015168617
1,EDU,0.021709373,EDU,0.023218444,EDU,0.017361147,EDU,0.021597642,EDU,0.016439877
2,1_rs1395713_TT,0.018358842,5_rs12522957_TT,0.012722618,20_rs6116375_CC,0.054854184,3_rs1385464_AA,0.019950133,10_rs7918915_TT,0.0
3,20_rs6116375_CC,0.017226884,4_rs17049579_CA,0.009016993,17_rs9674507_TC,0.0070729787,18_rs1792738_TT,0.0,10_rs16920492_TC,0.013212778
4,2_rs7590552_GA,0.013485513,20_rs6116375_CC,0.026362142,12_rs2906109_TT,0.015798107,6_rs4709165_AG,0.0063684937,1_rs1891740_CA,0.018189145
5,3_rs4578968_TT,0.012545426,20_rs2423043_GG,0.027039913,5_rs2545638_TT,0.019147418,5_rs2545638_TT,0.029157346,20_rs6116375_CC,0.027454378
6,7_rs2168587_GG,0.014199561,18_rs747175_GG,0.008853326,5_rs2545638_CC,0.011672907,5_rs2545638_CC,0.010409686,3_rs12631008_CC,0.010734355
7,1_rs1395713_TC,0.0026405428,7_rs6979515_AC,0.0047096685,11_rs3782123_TT,0.024058798,5_rs34900_AA,0.014462172,9_rs10967186_CC,0.017392537
8,9_rs11139955_CC,0.0,19_rs439401_CT,0.0040904433,17_rs6501384_TT,0.0043286025,5_rs168825_TT,0.02135155,11_rs757091_GA,0.0046159085
9,17_rs6501384_TT,0.0079913465,14_rs10151748_CC,0.020491194,17_rs1624922_AG,0.017272284,5_rs10062990_CC,0.033883486,10_rs10508623_CC,0.020561919
10,1_rs10924771_GG,0.0037443184,13_rs1541072_AA,0.010139495,14_rs920499_TT,0.013512958,18_rs618236_CC,0.009822845,18_rs618236_CC,0.017090667
11,14_rs10151748_CC,0.0065018088,5_rs168825_TT,0.016241357,4_rs4689705_CT,0.008105945,3_rs6441345_CT,0.010819804,3_rs12631008_CT,0.00034787477
12,5_rs35403_TT,0.0087234555,7_rs6979515_AA,0.0127480645,14_rs920499_TC,0.0043174583,10_rs11259186_GT,0.008256163,11_rs2156690_AA,0.02730344
13,5_rs168825_TT,0.014760616,18_rs747175_AA,0.009754077,3_rs7623860_TT,0.0041139354,11_rs12804305_TT,0.023461178,11_rs12804305_TT,0.006104692
14,5_rs35403_TC,0.0015345558,16_rs4949150_CC,0.0,9_rs7033668_GA,0.01435284,3_rs10804733_GG,0.022001859,2_rs6436329_CT,0.009857986
15,1_rs10924772_AA,0.012483865,2_rs12613665_CC,0.044580378,17_rs1624922_AA,0.0029923348,5_rs34896_GA,0.0110938,3_rs10804733_GG,0.012822158
16,10_rs10752030_TG,0.008862505,10_rs2807749_AA,0.009070745,11_rs7123712_TC,0.022394517,10_rs11259186_GG,0.012925568,1_rs6427160_CC,0.039579336
17,3_rs4478034_CT,0.049310926,2_rs6436329_CT,0.014593325,11_rs7123712_CC,0.0,1_rs4369252_GG,0.0,19_rs157580_AA,0.014948065
18,4_rs3916118_AC,0.0073477095,19_rs157580_AA,0.01803189,9_rs7033668_AA,0.011415423,19_rs157580_AA,0.009170127,10_rs10508623_CT,0.0
19,10_rs10752030_TT,0.015785784,16_rs4949150_TT,0.03926906,11_rs2280544_TT,0.026232503,4_rs17755381_AG,0.007895034,11_rs10751256_AG,0.004448876
20,20_rs205894_GG,0.0,13_rs9523416_AA,0.030017076,17_rs9674507_CC,0.0,3_rs1385464_GA,0.01578604,3_rs7624356_AG,0.018412016
21,15_rs4778636_GG,0.014178884,17_rs237969_AG,0.02259813,14_rs920499_CC,0.027518341,3_rs1580254_CC,0.016375396,11_rs12804305_CC,0.0
22,3_rs4578968_CC,0.01663623,18_rs4892223_GG,0.017623655,7_rs12540820_TC,0.024757577,11_rs12804305_CC,0.0,10_rs11253696_GA,0.0064065247
23,19_rs157580_AA,0.012214966,10_rs11253696_GA,0.011252907,11_rs7123712_TT,0.016235355,10_rs11253696_GA,0.011372487,18_rs618236_CA,0.0071451436
24,2_rs7590552_AA,0.0,19_rs439401_CC,0.009652057,9_rs10811927_GA,0.0029895229,3_rs1580254_TT,0.0,19_rs2075650_AA,0.05558628
25,1_rs10924772_GG,0.008766645,19_rs2075650_AA,0.07259589,11_rs2280544_CT,0.0037520984,19_rs2075650_AA,0.0335376,11_rs7948017_AC,0.0047328663
26,5_rs216535_TT,0.01346841,20_rs2423043_GA,0.027768666,5_rs216535_TT,0.007908648,5_rs543136_TT,0.009929648,19_rs2075650_AG,0.0059918314
27,3_rs4578968_CT,0.0057632206,13_rs1541072_GG,0.0,10_rs11253696_GA,0.0056031677,5_rs2545638_CT,0.0065152943,3_rs10804733_AG,0.004579471
28,10_rs11253696_GA,0.010165852,19_rs2075650_AG,8.543255e-05,19_rs2075650_AA,0.047856458,18_rs618236_CA,0.009256165,11_rs2156690_GG,0.013539273
29,19_rs2075650_AA,0.04904531,17_rs237969_GG,0.0,5_rs2548032_GA,0.0035576657,5_rs34896_AA,0.0,14_rs11156803_CC,0.0
30,4_rs3916118_CC,0.016450498,2_rs6436329_CC,0.02690871,5_rs2545638_CT,0.020261066,19_rs2075650_AG,0.0050937952,10_rs7918915_CT,0.00352001
31,3_rs9311513_GG,0.012662449,2_rs12612477_GG,0.0,3_rs7623860_TC,0.014219992,3_rs6441345_TT,0.011698231,2_rs6436329_CC,0.010585842
32,6_rs12203032_AA,0.0,4_rs17049579_AA,0.0,19_rs2075650_AG,0.0057849665,18_rs1792738_CT,0.005393944,19_rs157580_GG,0.01113772
33,19_rs2075650_AG,0.008206309,19_rs157580_GG,0.02129526,9_rs4978345_TG,0.0151332915,2_rs6436333_TT,0.005086757,11_rs10751256_AA,0.015431552
34,10_rs10752030_GG,0.022138081,5_rs168825_GT,0.0046111317,22_rs469120_TC,0.054866195,19_rs157580_GG,0.0,10_rs17604757_AA,0.012434021
35,14_rs11156803_CC,0.002288166,5_rs168825_GG,0.021098085,9_rs7033668_GG,0.01998681,5_rs543136_TC,0.014868992,14_rs11156803_TC,0.009652459
36,3_rs3774161_GG,0.008834729,13_rs9523416_GG,0.014596034,5_rs2548032_AA,0.012869156,5_rs168825_GT,0.008666068,10_rs2136613_CC,0.019073565
37,5_rs168825_GG,0.013918702,18_rs4892223_AA,0.0,11_rs3782123_TG,0.0030074487,5_rs168825_GG,0.029715246,20_rs6116375_TT,0.012276959
38,5_rs168825_GT,0.00254799,10_rs2807749_AG,0.007993229,17_rs9674507_TT,0.017880976,5_rs10062990_TC,0.011110138,3_rs7624356_AA,0.023804113
39,19_rs157580_GG,0.0,5_rs267286_CC,0.016308928,10_rs2136613_CC,0.00917454,5_rs10062990_TT,0.010185725,9_rs10967186_TC,0.011805624
40,3_rs4478034_TT,0.00622273,13_rs1541072_AG,0.018927034,11_rs2280544_CC,0.013695894,1_rs4369252_TT,0.011787577,10_rs17604757_AG,0.0
41,5_rs35403_CC,0.04870357,5_rs12522957_TC,0.010712674,4_rs4689705_CC,0.021692548,5_rs34896_GG,0.01815242,10_rs7100193_CC,0.009086233
42,17_rs6501384_CC,0.028164001,7_rs6979515_CC,0.017993841,20_rs6116375_TT,0.009927232,18_rs1792738_CC,0.019334609,10_rs7100193_AA,0.009021398
43,1_rs1395713_CC,0.0,20_rs6116375_TT,0.015523029,5_rs2548032_GG,0.012095313,6_rs4709165_AA,0.010258619,10_rs16920492_CC,0.0
44,14_rs11156803_TC,0.011975992,16_rs4949150_TC,0.004278211,22_rs469120_TT,0.014537477,3_rs6441345_CC,0.009176835,14_rs11156803_TT,0.019486303
45,3_rs9311513_GA,0.006179906,8_rs16909722_CC,0.022934578,17_rs1624922_GG,0.0,7_rs6946355_GA,0.0028922164,10_rs7100193_AC,0.014308481
46,20_rs6116375_TT,0.00943961,10_rs2807749_GG,0.0,3_rs9845164_TT,0.014234607,5_rs34900_GA,0.011687281,19_rs157580_AG,0.013243238
47,20_rs205894_AG,0.017883113,10_rs11253696_AA,0.030291779,5_rs216535_CT,0.003909119,5_rs543136_CC,0.019824822,1_rs6427160_TC,0.016356682
48,5_rs216535_CT,0.0023180326,13_rs9523416_AG,0.0047978824,9_rs4978345_GG,0.019382566,15_rs784417_GG,0.003862072,11_rs10751256_GG,0.007822549
49,10_rs11253696_AA,0.027621826,20_rs2423043_AA,0.0,10_rs11253696_AA,0.03694844,4_rs17755381_GG,0.0,10_rs16920492_TT,0.0
50,7_rs2168587_GA,0.00656439,19_rs157580_AG,0.006550248,3_rs9845164_GG,0.013264016,7_rs6946355_AA,0.006397985,11_rs7948017_AA,0.015466939
51,6_rs12203032_CC,0.0125704855,5_rs12522957_CC,0.026548034,12_rs2906109_TC,0.017970713,2_rs6436333_GT,0.0060989126,18_rs618236_AA,0.04723793
52,14_rs11156803_TT,0.039574195,19_rs439401_TT,0.0,5_rs216535_CC,0.011637575,2_rs6436333_GG,0.023572901,11_rs7948017_CC,0.0054526487
53,19_rs157580_AG,0.00519336,4_rs17049579_CC,0.01655415,4_rs4689705_TT,0.025484633,3_rs9845164_TT,0.010533057,1_rs1891740_CC,0.02050886
54,6_rs12203032_CA,0.040484834,19_rs2075650_GG,0.0,9_rs10811927_GG,0.017480412,12_rs1037154_CT,0.020861855,19_rs2075650_GG,0.015579531
55,1_rs10924771_AA,0.021526469,14_rs10151748_CT,0.004011156,12_rs2906109_CC,0.021903783,3_rs1385464_GG,0.015194936,20_rs6116375_TC,0.0048483447
56,20_rs205894_AA,0.019467985,10_rs11253696_GG,0.021344766,17_rs6501384_CT,0.0068878117,19_rs157580_AG,0.020036418,10_rs11253696_GG,0.01512107
57,4_rs3916118_AA,0.015455284,20_rs6116375_TC,0.0072323373,19_rs2075650_GG,0.0,3_rs9845164_GG,0.025899902,11_rs757091_AA,0.009322657
58,3_rs3774161_GA,0.019300848,2_rs12612477_AG,0.00602964,10_rs11253696_GG,0.017779745,10_rs11259186_TT,0.015690072,11_rs757091_GG,0.024942337
59,9_rs11139955_TC,0.04020658,17_rs237969_AA,0.010843342,20_rs6116375_TC,0.0010942566,15_rs784417_AG,0.0051868022,10_rs7918915_CC,0.031500433
60,5_rs216535_CC,0.008082698,2_rs12613665_TT,0.012436491,10_rs2136613_TT,0.020438328,18_rs618236_AA,0.025402358,11_rs12804305_TC,0.013993613
61,17_rs6501384_CT,0.012825161,18_rs4892223_GA,0.02271589,7_rs12540820_TT,0.015743406,7_rs6946355_GG,0.03532904,9_rs10967186_TT,0.017906753
62,19_rs2075650_GG,0.0,2_rs12613665_TC,0.0,3_rs9845164_GT,0.0021173412,19_rs2075650_GG,0.0,10_rs17604757_GG,0.0
63,20_rs6116375_TC,0.0059931884,8_rs16909722_CT,0.031217078,11_rs3782123_GG,0.011913242,10_rs11253696_GG,0.01977247,10_rs2136613_TT,0.01794255
64,10_rs11253696_GG,0.012091909,2_rs12612477_AA,0.0,17_rs6501384_CC,0.01562528,5_rs34900_GG,0.0014097459,9_rs16911006_GA,0.011551691
65,14_rs10151748_CT,0.0059481435,5_rs267286_CA,0.0077648275,3_rs7623860_CC,0.0,3_rs1580254_CT,0.02045196,3_rs10804733_AA,0.014687694
66,15_rs4778636_AA,0.0,8_rs16909722_TT,0.0,7_rs12540820_CC,0.0,11_rs12804305_TC,0.040614758,1_rs1891740_AA,0.0
67,1_rs10924771_AG,0.0145259,2_rs6436329_TT,0.029106999,9_rs10811927_AA,0.014133226,6_rs4709165_GG,0.011409408,3_rs7624356_GG,0.0
68,3_rs9311513_AA,0.0,14_rs10151748_TT,0.03038214,22_rs469120_CC,0.026449427,3_rs10804733_AA,0.021727802,9_rs16911006_AA,0.01964631
69,15_rs4778636_GA,0.018257633,18_rs747175_AG,0.0071714823,9_rs4978345_TT,0.007549352,15_rs784417_AA,0.012534293,9_rs16911006_GG,0.0132661415
70,1_rs10924772_GA,0.0023245786,,,,,3_rs9845164_GT,0.0069368193,11_rs2156690_GA,0.015845815
71,3_rs4478034_CC,0.0186453,,,,,10_rs11253696_AA,0.017536776,2_rs6436329_TT,0.011006951
72,14_rs10151748_TT,0.021828856,,,,,4_rs17755381_AA,0.020163277,10_rs11253696_AA,0.018928362
73,2_rs7590552_GG,0.014582717,,,,,12_rs1037154_CC,0.0073944,1_rs6427160_TT,0.013440638
74,9_rs11139955_TT,0.013935886,,,,,1_rs4369252_TG,0.009443366,10_rs10508623_TT,0.0
